"diabetes_med,no,yes"
"no,0.5864518364518364,0.41354816354816354"
"yes,0.5128458498023716,0.4871541501976285"
