"diag_1,no,yes"
"Diabetes,0.4636519748139668,0.5363480251860332"
"Missing,0.5,0.5"
"Respiratory,0.5092391304347826,0.4907608695652174"
"Circulatory,0.5207055214723927,0.47929447852760737"
"Digestive,0.5255474452554745,0.4744525547445255"
"Other,0.5487842413050169,0.4512157586949831"
"Injury,0.563625450180072,0.43637454981992796"
"Musculoskeletal,0.604632587859425,0.3953674121405751"
