"medical_specialty,no,yes"
"Family/GeneralPractice,0.5047821466524973,0.4952178533475027"
"Emergency/Trauma,0.5061007957559682,0.49389920424403183"
"Missing,0.5109029235987724,0.48909707640122757"
"Cardiology,0.5500354861603974,0.44996451383960256"
"InternalMedicine,0.5523141654978962,0.4476858345021038"
"Other,0.5852102102102102,0.4147897897897898"
"Surgery,0.5877988458367683,0.41220115416323166"
