"a1ctest,no,yes"
"high,0.5405022992571631,0.4594977007428369"
"no,0.5255038685643328,0.4744961314356672"
"normal,0.5789473684210527,0.42105263157894735"
